MassRoots,"[""Each party shall do and perform, or cause to be done and performed, all such further acts and things as any other party may reasonably request in order to carry out the intent and accomplish the purposes of this Agreement and the consummation of the transactions contemplated hereby."", ""Each party shall execute and deliver all such other agreements, certificates, instruments and documents as any other party may reasonably request in order to carry out the intent and accomplish the purposes of this Agreement and the consummation of the transactions contemplated hereby."", ""Each party shall do and perform, or cause to be done and performed, all such further acts and things, and shall execute and deliver all such other agreements, certificates, instruments and documents, as any other party may reasonably request, including voting for an increase in the Authorized Shares.""]"
Landstar,"[""Each party shall do and perform, or cause to be done and performed, all further acts and things as any other party may reasonably request in order to carry out the intent and accomplish the purposes of the Agreement and the consummation of the transactions contemplated by the Agreement."", ""Each party shall execute and deliver all other agreements, certificates, instruments, and documents as any other party may reasonably request in order to carry out the intent and accomplish the purposes of the Agreement and the consummation of the transactions contemplated by the Agreement.""]"
6 from 3,"[""Each party shall do and perform all further acts as either party may reasonably request in order to carry out the intent and accomplish the purposes of this Agreement and the Plan and the consummation of the transactions contemplated thereunder."", ""Each party shall cause to be done and performed all further acts as either party may reasonably request in order to carry out the intent and accomplish the purposes of this Agreement and the Plan and the consummation of the transactions contemplated thereunder."", ""Each party shall execute and deliver all other agreements, certificates, instruments, and documents as either party may reasonably request in order to carry out the intent and accomplish the purposes of this Agreement and the Plan and the consummation of the transactions contemplated thereunder."", ""No such additional documents shall contain terms or conditions inconsistent with the terms and conditions of this Agreement.""]"
4 from First Advantage,"[""Each party shall do and perform all further acts as either party may reasonably request in order to carry out the intent and accomplish the purposes of the Agreement."", ""Each party shall cause to be done and performed all further acts as either party may reasonably request in order to carry out the intent and accomplish the purposes of the Agreement."", ""Each party shall execute and deliver all other agreements, certificates, instruments, and documents as either party may reasonably request in order to carry out the intent and accomplish the purposes of the Agreement.""]"
2 from 8i,"[""Each party shall do and perform, or cause to be done and performed, all such further acts and things as may reasonably be considered within the scope of such party's obligations under the Agreement, in order to carry out the intent and accomplish the purposes of the Agreement and the consummation of the transactions contemplated by the Agreement."", ""Each party shall execute and deliver all such other agreements, certificates, instruments and documents as may reasonably be considered within the scope of such party's obligations under the Agreement, in order to carry out the intent and accomplish the purposes of the Agreement and the consummation of the transactions contemplated by the Agreement.""]"
2 from GenCo,"[""Each party shall do and perform all further acts as either party may reasonably request in order to carry out the intent and accomplish the purposes of the Award Agreement and the Plan and the consummation of the transactions contemplated thereunder."", ""Each party shall cause to be done and performed all further acts as either party may reasonably request in order to carry out the intent and accomplish the purposes of the Award Agreement and the Plan and the consummation of the transactions contemplated thereunder."", ""Each party shall execute and deliver all other agreements, certificates, instruments, and documents as either party may reasonably request in order to carry out the intent and accomplish the purposes of the Award Agreement and the Plan and the consummation of the transactions contemplated thereunder.""]"
4 from 2,"[""Each party shall cooperate with each other party."", ""Each party shall do and perform or cause to be done and performed all further acts and things as any other party may reasonably request in order to carry out the intent and accomplish the purposes of the Agreement and the Plan."", ""Each party shall execute and deliver all other agreements, certificates, instruments, and documents as any other party may reasonably request in order to carry out the intent and accomplish the purposes of the Agreement and the Plan.""]"
5 from Herbalife,"[""Each party shall cooperate with each other party."", ""Each party shall do and perform or cause to be done and performed all further acts and things as any other party may reasonably request in order to carry out the intent and accomplish the purposes of the Agreement and the Plan."", ""Each party shall execute and deliver all other agreements, certificates, instruments, and documents as any other party may reasonably request in order to carry out the intent and accomplish the purposes of the Agreement and the Plan.""]"
4 from Albany,"[""Each party shall do and perform all further acts as any other party may reasonably request in order to carry out the intent and accomplish the purposes of the Award Agreement and the Plan and the consummation of the transactions contemplated thereunder."", ""Each party shall cause to be done and performed all further acts as any other party may reasonably request in order to carry out the intent and accomplish the purposes of the Award Agreement and the Plan and the consummation of the transactions contemplated thereunder."", ""Each party shall execute and deliver all other agreements, certificates, instruments, and documents as any other party may reasonably request in order to carry out the intent and accomplish the purposes of the Award Agreement and the Plan and the consummation of the transactions contemplated thereunder.""]"
Genesis,"[""Each party shall do and perform, or cause to be done and performed, all such further acts and things as the other party may reasonably request in order to carry out the intent and accomplish the purposes of this Waiver."", ""Each party shall execute and deliver all such other agreements, certificates, instruments and documents as the other party may reasonably request in order to carry out the intent and accomplish the purposes of this Waiver.""]"
2 from GrubHub,"[""Each party shall do and perform all further acts as either party may reasonably request in order to carry out the intent and accomplish the purposes of the Agreement and the Plan and the consummation of the transactions contemplated thereunder."", ""Each party shall cause to be done and performed all further acts as either party may reasonably request in order to carry out the intent and accomplish the purposes of the Agreement and the Plan and the consummation of the transactions contemplated thereunder."", ""Each party shall execute and deliver all other agreements, certificates, instruments, and documents as either party may reasonably request in order to carry out the intent and accomplish the purposes of the Agreement and the Plan and the consummation of the transactions contemplated thereunder.""]"
